Ticker,Name
FTPAX,First Trust Private Assets Fund
FIENX,Fidelity Covington Trust - Fidelity Enhanced International ETF
AHLIX,American Beacon AHL Mgd Futs Strat R5
0P0000ZVG5,Polar Capital Biotech I Inc
0P0000ZVJR,Polar Capital Biotech S Inc
0P0000ZVJH,Polar Capital Biotech R Inc
0P00008E99,FSSA Hong Kong Growth I USD Acc
AHLYX,American Beacon AHL Mgd Futs Strat Y
0P0001HHWI,Stewart Inv Glbl EmMktsAllCapnbyVIUSDAcc
0P0001SAV7,Stewart Inv Glbl Em Mkts AllCapIIIUSDAcc
0P0001QGGH,Stewart Inv Glbl Em Mkts All Cap IUSDAcc
0P0001D5K0,UPAMC GREAT CHINA Fund
0P00018R0S,Diversified Flexible Strategy I USD
0P00018R0R,Diversified Flexible Strategy R USD
0P00018XPB,PGIM Jennison Emerging Mkts Eq USD I Acc
0P0001FE2R,TM Natixis Loomis Sayles US Eq Ldrs N/A$
BIVIX,Invenomic Institutional
BIVSX,Invenomic Super Institutional
0P0001EODS,FSSA China Growth Fund Class VI (Accumulation) USD
0P00001BQ3,FSSA China Growth II USD Acc
0P00000CAG,FSSA China Growth I USD Acc
BIVRX,Invenomic Investor
0P0001BSM1,KyoboAXA Robotech Feeder Equity 2 Ce USD
FSHCX,Fidelity Select Health Care Svcs Port
VLVPX,Voya Large Cap Value P3
FMEIX,Fidelity Covington Trust - Fidelity Enhanced Mid Cap ETF
0P0001BLJE,KyoboAXA Robotech Feeder Equity 2 A USD
0P0001BUAA,KyoboAXA Robotech Feeder Equity 2 Ae USD
FHLCX,Fidelity Advisor Freedom Blend 2045 Z6
FHDCX,Fidelity Advisor Freedom Blend 2060 Z6
VYCEX,Voya Corporate Leaders 100 P3
0P0001BLJD,KyoboAXA Robotech Feeder Equity 2 C USD
0P00018265,Nomura Cross Asst Mom UCITS S USD
0P0001A9KH,Pentaris Bares US Equity F USD Dis
PGNBX,Putnam International Value Fund
0P000018HB,FSSA Greater China Growth Fund Class I (Distributing) USD
0P0000XUSR,FSSA Greater China Growth III USD Inc
0P0000XUSQ,FSSA Greater China Growth III USD Acc
0P000018HA,FSSA Greater China Growth Fund Class I (Accumulation) USD
0P000133N9,Acadian Emerg Mkts Eq II A USD Acc
FHOCX,Fidelity Advisor Freedom Blend 2040 Z6
0P000133NB,Acadian Emerg Mkts Eq II C USD Ins Acc
0P0000P3LQ,Veritas China Ret USD
VHDPX,Voya Equity Trust - Voya U.S. High Dividend Low Volatility Fund
FHQCX,Fidelity Advisor Freedom Blend 2035 Z6
0P0001F583,Acadian Emerg Mkts Eq II G USD Acc
TRIWX,TIAA-CREF Large-Cap Gr Idx W
PVNBX,Putnam International Capital Opp B
0P0001THQC,BlackRock Sust Advtg Wld Eq A EUR Acc
FHRCX,Fidelity Advisor Freedom Blend 2030 Z6
0P0001E0HI,BlackRock Advtg Em Mkts Eq X USD Acc
0P0000UCA1,Jupiter Global EMs Focus I USD Acc
0P0001E0GP,BlackRock Advtg Asia ex Jpn Eq X USD Acc
0P0001E0GL,BlackRock Advtg Asia ex Jpn Eq D USD Acc
0P0001E1Y7,BlackRock Advtg Asia ex Jpn Eq A USD Acc
0P0001DHFL,BlackRock Sust Advtg US Eq D USD Acc
0P0001E1Y3,BlackRock Sust Advtg US Eq A USD Acc
VSCZX,Voya Multi-Manager International Sm CpP3
0P0001QGGI,Stewart Investors APAC All Cap I USD Acc
FLVEX,Fidelity Covington Trust - Fidelity Enhanced Large Cap Value ETF
0P0000RU2L,Barings Global Emerging Mkts I Acc
0P0000ZP1B,Nomura Fds Asia ex Japan High Cnv I USD
0P0001QKN9,Nomura Funds Ireland plc - Asia ex Japan High Conviction Fund
0P0001IXUE,Baillie Gifford WW EM LdgComs A USD Acc
0P0000S1AE,BEA Union Investment China A-Share Eq A
0P0001TQHJ,Nomura Fds Japan Strategic Value AD USDH
0P000185BV,Arctic Aurora LifeScience
0P0001HS9N,Nomura Fds Japan Strategic Value B USD H
0P00014NMB,PGIM Glbl BioHealth USD
0P0000SEAN,BEA Union Investment China A-Share Eq I
0P0001KN05,Pacific Capital UCITS Funds plc - Pacific North of South EM All Cap Equity
0P0001R7PN,Pacific North of South EM All Cp EqI$Inc
0P0001KN06,Pacific Capital UCITS Funds plc - Pacific North of South EM All Cap Equity
0P0000V5DY,Amundi Metori Epsilon GlobalTrndsIUSD
0P0001N58N,Amundi Metori Epsilon GlobalTrndIAUSDAcc
0P0001N58O,Lyxor Epsilon Global Trend AA-USD Acc
0P0001DHFS,BlackRock Sust Advtg Wld Eq X USD Acc
0P0001DHFP,BlackRock Sust Advtg Wld Eq D USD Acc
0P0001E1Y6,BlackRock Sust Advtg Wld Eq A USD Acc
0P0000SEAM,BEA Union Investment China A-Share Eq P
0P0001S088,N/A
0P0001QZ71,PGIM Global Bio-Health Fund
YFSNX,AMG Yacktman Global N
0P000090P5,Hang Seng Global Balanced A
0P0001H3XE,KyoboAXA Pwr Glb Fdr Eq Bal-Drv 2 AE USD
0P0000TZFD,TT Emerging Markets Equity A USD Inc
0P00016ML9,TT Emerging Markets Equity A2 USD Acc
0P0001DHKY,Winton Trend UCITS Fund
0P0001T5CY,Winton Trend UCITS I-P USD Acc
0P0001CGIQ,Polar Capital Funds PLC - Polar Capital Japan Value Fund
0P0001QUQM,Winton Trend UCITS Fund
VPSPX,Voya US Stock Index P2
0P0001S9YD,N/A
0P0000WYYS,MontLake DUNN WMA Inst UCITS USD Inst B
0P0001842L,MontLake DUNN WMA Institutional UCITS Fund
FALCX,Fidelity Rutland Square Trust II - Strategic Advisers Large Cap Fund
0P00014N2A,Neuberger Berman China Eq USD Z Acc
0P0000WMWQ,MontLake DUNN WMA Inst UCITS USD Inst A
0P0001840O,MontLake DUNN WMA Inst UCITS USD Inst AP
EIHSX,Eaton Vance Worldwide Health Sci I
0P0000KSY6,Neuberger Berman China Equity Fund USD A Accumulating
0P0001840L,MontLake DUNN WMA Inst UCITS USD Retl P
0P00019BOS,MontLake DUNN WMA Inst UCITS USD Retl
0P0001H3XI,KyoboAXA Pwr Glb Fdr Eq Bal-Drv 2 CE USD
0P000165NE,Capital China Income Balanced USD A
0P0000UF8V,Dynamic Advantage Bond Class Series H
0P0001E0J1,KyoboAXA Pwr Glb Fdr Eq Bal-Drv 2 C USD
0P00014N29,Neuberger Berman China Eq USD A Inc
PBAIX,BlackRock Tactical Opportunities Instl
0P0001B94C,Mercer Global High Yield Bd M1 USD H
0P0000UF8Z,Dynamic Total Return Bond Cl Ser H
0P0000KSY5,Neuberger Berman China Equity Fund USD I Accumulating
0P0000YYB7,Neuberger Berman China Eq USD I2 Acc
0P0001FE3A,Pinebridge Japan Equity Z
0P00018E88,Algebris Global Crdt Opps B USD Acc
0P000134J8,Neuberger Berman China Eq USD U Acc
FTTTX,American Funds College Target Date Series - American Funds College 2024 Fund
CFTAX,American Funds College Target Date Series - American Funds College 2024 Fund
0P0001BT7G,Mercer Global High Yield Bd M1 USD
0P0001JHNR,Longchamp Dalt Jpn Lng Ucits SI1UHUA
0P00018E8J,Algebris Global Crdt Opps ID USD Inc
0P00016UR8,FSSA Asian Growth VI USD Inc
0P00018E8I,Algebris Global Crdt Opps I USD Acc
SPATX,Symmetry Panoramic Alternatives I
0P00009SFF,Nomura Fds India Equity Z USD
0P0001K4AY,Nomura Funds Ireland - India Equity Fund
0P00018C68,Nomura Fds India Equity I USD
PTHYX,Putnam Tax-Free High Yield B
0P00018E8S,Algebris Global Crdt Opps R USD Acc
0P0000K15F,Nomura Funds Ireland plc - India Equity Fund Class A USD
0P00012N5D,FSSA Asian Growth VI USD Acc
0P0001LS9Z,Nomura Fds Japan Strategic Value RD USD
0P00011SEN,Nomura Fds Japan Strategic Value I USD
0P0001EVEG,Nomura Fds India Equity T USD
0P0001RF3K,Nomura Fds Japan Strategic Value AD USD
0P0000VNQE,Nomura Fds Japan Strategic Value A USD
0P0001CGLK,Nomura Funds Ireland plc - Japan Strategic Value Fund
0P00018E8T,Algebris Global Crdt Opps RD USD Inc
0P0001Q6RL,CI Global Investment Grade Class IH
0P0001Q6RJ,CI Global Investment Grade Class AH
0P00013XBR,Mega China A Share Equity USD
TTRIX,Nuveen Lifecycle 2055 R6
TFTIX,Nuveen Lifecycle 2050 R6
0P0001KGO9,Waverton European Capital Growth Fund
FLCEX,Fidelity Covington Trust - Fidelity Enhanced Large Cap Core ETF
VMNIX,Vanguard Market Neutral I
VMNFX,Vanguard Market Neutral Inv
PTFIX,Putnam Strategic Intermediate Muncpl B
0P0000TJT7,GaveKal Asian Opportunities UCITS C USD
0P0001DXQS,Sector Healthcare Value Fund
PCBAX,BlackRock Tactical Opportunities Inv A
PCBSX,BlackRock Tactical Opportunities Service
0P0001BM5E,Sector Healthcare Value B USD
PBAKX,BlackRock Tactical Opportunities K
0P0001O6JS,Sector Healthcare Value E USD
0P00019HEI,Janus Henderson Glb Life Scn I1 USD
0P0001L3WS,Sector Healthcare Value Y USD Acc
BGRSX,"The RBB Fund, Inc. - Boston Partners Global Long/Short Fund"
0P0001F67R,FSSA Global Emerging Mkts Foc VI USD Acc
BGLSX,"The RBB Fund, Inc. - Boston Partners Global Long/Short Fund"
TTFIX,Nuveen Lifecycle 2045 R6
0P0001BGI9,Contrarius Global Balanced Institutional
0P0001BGI8,Contrarius Global Balanced Fd Fxd Fee Cl
0P0000UTTS,Sector Healthcare Value Fund
TCLPX,Nuveen Lifecycle 2050 Premier
TTRLX,Nuveen Lifecycle 2055 Retirement
0P0001N25R,Barings German Growth I USD Acc
0P0000VC95,FSSA Asia Pacific Equity III USD Acc
0P0000W8XM,FSSA Asia Pacific Equity I USD Inc
0P0000W8XL,FSSA Asia Pacific Equity I USD Acc
TTFPX,Nuveen Lifecycle 2045 Premier
BURGX,Vest US Large Cap 10% Buffer Strats R
TTRPX,Nuveen Lifecycle 2055 Premier
POGBX,Putnam Large Cap Growth B
0P0001A226,Tm Fulcrum Dcar Usd C Acc Hedged
0P0001H43V,Man Sysmc China A Equity I USD Acc
QMNRX,AQR Equity Market Neutral R6
HWDAX,Hartford World Bond A
0P0001RI1Y,Lord Abbett Ultra Short Bond AZM USD Dis
HWDIX,Hartford World Bond I
HWDFX,Hartford World Bond F
HWDYX,Hartford World Bond Y
HWDVX,Hartford World Bond R6
0P00019HEJ,Janus Henderson Glb Life Scn Z2 USD
0P0001RNJO,N/A
TCOIX,Nuveen Lifecycle 2040 R6
EGRRX,Eaton Vance Glbl Macro Abs Ret Advtg R
0P00000RPL,Janus Henderson Glb Life Scn A2 USD
0P00018C5E,TT Emerging Markets Uncons A2 USD Acc
0P0001RNJP,N/A
PACBX,Putnam Dynamic Asset Allocation Cnsrv B
CTFCX,American Funds College Target Date Series - American Funds College 2024 Fund
EGRSX,Eaton Vance Glbl Macro Abs Ret Advtg R6
0P00018C5F,TT Emerging Markets Uncons A1 USD Inc
CTFEX,American Funds College Target Date Series - American Funds College 2024 Fund
FACRX,American Funds College Target Date Series - American Funds College 2024 Fund
0P0001BSLN,Eastspring USBnk Ln SA Fdr Ln FoF AE USD
0P0001RCW9,Janus Henderson Glb Life Scn F3m USD
0P0000MOHW,Goldman Sachs CHN A-Shr Eq Ptf I Acc
CTFFX,American Funds College Target Date Series - American Funds College 2024 Fund
,
,
,
,
,
,
,\
